USE QLTC;
GO
--
-- Inserting data into table dbo.TAIKHOAN
--
INSERT dbo.TAIKHOAN(TENTAIKHOAN, MATKHAU, LOAIND) VALUES (N'BPDH001', '12345', 2)
INSERT dbo.TAIKHOAN(TENTAIKHOAN, MATKHAU, LOAIND) VALUES (N'BPDH003', '12345', 2)
INSERT dbo.TAIKHOAN(TENTAIKHOAN, MATKHAU, LOAIND) VALUES (N'BPDH002', '12345', 2)
GO

INSERT dbo.TAIKHOAN(TENTAIKHOAN, MATKHAU, LOAIND) VALUES (N'BS001', '12345', 1)
INSERT dbo.TAIKHOAN(TENTAIKHOAN, MATKHAU, LOAIND) VALUES (N'BS002', '12345', 1)
INSERT dbo.TAIKHOAN(TENTAIKHOAN, MATKHAU, LOAIND) VALUES (N'BS004', '12345', 1)
INSERT dbo.TAIKHOAN(TENTAIKHOAN, MATKHAU, LOAIND) VALUES (N'BS005', '12345', 1)
INSERT dbo.TAIKHOAN(TENTAIKHOAN, MATKHAU, LOAIND) VALUES (N'BS006', '12345', 1)
GO

INSERT dbo.TAIKHOAN(TENTAIKHOAN, MATKHAU, LOAIND) VALUES (N'NVYT005', '12345', 1)
INSERT dbo.TAIKHOAN(TENTAIKHOAN, MATKHAU, LOAIND) VALUES (N'NVYT000', '12345', 1)
INSERT dbo.TAIKHOAN(TENTAIKHOAN, MATKHAU, LOAIND) VALUES (N'NVYT001', '12345', 1)
INSERT dbo.TAIKHOAN(TENTAIKHOAN, MATKHAU, LOAIND) VALUES (N'NVYT003', '12345', 1)
INSERT dbo.TAIKHOAN(TENTAIKHOAN, MATKHAU, LOAIND) VALUES (N'NVYT006', '12345', 1)
INSERT dbo.TAIKHOAN(TENTAIKHOAN, MATKHAU, LOAIND) VALUES (N'NVYT008', '12345', 1)
INSERT dbo.TAIKHOAN(TENTAIKHOAN, MATKHAU, LOAIND) VALUES (N'NVYT007', '12345', 1)
INSERT dbo.TAIKHOAN(TENTAIKHOAN, MATKHAU, LOAIND) VALUES (N'NVYT002', '12345', 1)
INSERT dbo.TAIKHOAN(TENTAIKHOAN, MATKHAU, LOAIND) VALUES (N'NVYT004', '12345', 1)
GO

INSERT dbo.TAIKHOAN(TENTAIKHOAN, MATKHAU, LOAIND) VALUES (N'NVHD001', '12345', 1)
INSERT dbo.TAIKHOAN(TENTAIKHOAN, MATKHAU, LOAIND) VALUES (N'NVHD002', '12345', 1)
INSERT dbo.TAIKHOAN(TENTAIKHOAN, MATKHAU, LOAIND) VALUES (N'NVHD003', '12345', 1)
INSERT dbo.TAIKHOAN(TENTAIKHOAN, MATKHAU, LOAIND) VALUES (N'NVHD004', '12345', 1)
INSERT dbo.TAIKHOAN(TENTAIKHOAN, MATKHAU, LOAIND) VALUES (N'NVHD005', '12345', 1)
INSERT dbo.TAIKHOAN(TENTAIKHOAN, MATKHAU, LOAIND) VALUES (N'NVHD006', '12345', 1)
INSERT dbo.TAIKHOAN(TENTAIKHOAN, MATKHAU, LOAIND) VALUES (N'NVHD007', '12345', 1)
INSERT dbo.TAIKHOAN(TENTAIKHOAN, MATKHAU, LOAIND) VALUES (N'NVHD008', '12345', 1)
INSERT dbo.TAIKHOAN(TENTAIKHOAN, MATKHAU, LOAIND) VALUES (N'NVHD009', '12345', 1)
GO

INSERT dbo.TAIKHOAN(TENTAIKHOAN, MATKHAU, LOAIND) VALUES (N'NVKT005', '12345', 1)
INSERT dbo.TAIKHOAN(TENTAIKHOAN, MATKHAU, LOAIND) VALUES (N'NVKT001', '12345', 1)
INSERT dbo.TAIKHOAN(TENTAIKHOAN, MATKHAU, LOAIND) VALUES (N'NVKT002', '12345', 1)
INSERT dbo.TAIKHOAN(TENTAIKHOAN, MATKHAU, LOAIND) VALUES (N'NVKT006', '12345', 1)
INSERT dbo.TAIKHOAN(TENTAIKHOAN, MATKHAU, LOAIND) VALUES (N'NVKT004', '12345', 1)
INSERT dbo.TAIKHOAN(TENTAIKHOAN, MATKHAU, LOAIND) VALUES (N'NVKT003', '12345', 1)
GO

INSERT dbo.TAIKHOAN(TENTAIKHOAN, MATKHAU, LOAIND) VALUES (N'KH001', '12345', 0)
INSERT dbo.TAIKHOAN(TENTAIKHOAN, MATKHAU, LOAIND) VALUES (N'KH007', '12345', 0)
INSERT dbo.TAIKHOAN(TENTAIKHOAN, MATKHAU, LOAIND) VALUES (N'KH002', '12345', 0)
INSERT dbo.TAIKHOAN(TENTAIKHOAN, MATKHAU, LOAIND) VALUES (N'KH005', '12345', 0)
INSERT dbo.TAIKHOAN(TENTAIKHOAN, MATKHAU, LOAIND) VALUES (N'KH004', '12345', 0)
INSERT dbo.TAIKHOAN(TENTAIKHOAN, MATKHAU, LOAIND) VALUES (N'KH009', '12345', 0)
INSERT dbo.TAIKHOAN(TENTAIKHOAN, MATKHAU, LOAIND) VALUES (N'KH003', '12345', 0)
INSERT dbo.TAIKHOAN(TENTAIKHOAN, MATKHAU, LOAIND) VALUES (N'KH006', '12345', 0)
INSERT dbo.TAIKHOAN(TENTAIKHOAN, MATKHAU, LOAIND) VALUES (N'KH008', '12345', 0)
GO
--
-- Inserting data into table dbo.TRUNGTAM
--
INSERT dbo.TRUNGTAM(MATRUNGTAM, TENTRUNGTAM, DIACHI) VALUES (N'TT001', N'Trung Tâm Tiêm Chủng Cơ Sở 1', N'104 Trần Hưng Đạo, Phường 12, Quận 1, Thành Phố Hồ Chí Minh')
INSERT dbo.TRUNGTAM(MATRUNGTAM, TENTRUNGTAM, DIACHI) VALUES (N'TT002', N'Trung Tâm Tiêm Chủng Cơ Sở 2', N'227 Nguyễn Văn Cừ, Phường 9, Quận 5, Thành Phố Hồ Chí Minh')
INSERT dbo.TRUNGTAM(MATRUNGTAM, TENTRUNGTAM, DIACHI) VALUES (N'TT003', N'Trung Tâm Tiêm Chủng Cơ Sở 3', N'436 - 438 Nguyễn Thị Thập, P. Tân Quy, Quận 7, TP. HCM')
GO

--
-- Inserting data into table dbo.BOPHANDIEUHANH
--
INSERT dbo.BOPHANDIEUHANH(MADIEUHANH, TRUNGTAMQUANLY) VALUES (N'BPDH001', 'TT001')
INSERT dbo.BOPHANDIEUHANH(MADIEUHANH, TRUNGTAMQUANLY) VALUES (N'BPDH003', 'TT003')
INSERT dbo.BOPHANDIEUHANH(MADIEUHANH, TRUNGTAMQUANLY) VALUES (N'BPDH002', 'TT002')
GO

--
-- Inserting data into table dbo.NHANVIEN
--
INSERT dbo.NHANVIEN(MANHANVIEN, TENNHANVIEN, NGAYSINH, SODIENTHOAI, EMAIL, DIACHI, BANGCAP, LUONG, TRUNGTAMLAMVIEC, VITRI) VALUES (N'NVHD001', N'Tuệ Lâm', '1979-06-25', '87-97132-6', 'Demers@example.com', N'17 Mai Chí Thọ, P. Bình Khánh, Quận 2, Hồ Chí Minh', N'Đại Học', 2000000, 'TT003', 0)
INSERT dbo.NHANVIEN(MANHANVIEN, TENNHANVIEN, NGAYSINH, SODIENTHOAI, EMAIL, DIACHI, BANGCAP, LUONG, TRUNGTAMLAMVIEC, VITRI) VALUES (N'NVHD009', N'Thanh Hà', '2001-04-06', '04-20457-2', 'Madelaine.Laird63@example.com', N'69 Điện Biên Phủ, Phường 25, Bình Thạnh, Thành phố Hồ Chí Minh', N'Cao Đẳng', 2000003, 'TT002', 0)
INSERT dbo.NHANVIEN(MANHANVIEN, TENNHANVIEN, NGAYSINH, SODIENTHOAI, EMAIL, DIACHI, BANGCAP, LUONG, TRUNGTAMLAMVIEC, VITRI) VALUES (N'NVHD008', N'Nguyệt Ánh', '1970-03-05', '62-83427-7', 'Amos_Montano@nowhere.com', N'157 Nguyễn Gia Trí, Phường 25, Bình Thạnh, Thành phố Hồ Chí Minh, Vietnam', N'Đại Học', 2000006, 'TT001', 0)
INSERT dbo.NHANVIEN(MANHANVIEN, TENNHANVIEN, NGAYSINH, SODIENTHOAI, EMAIL, DIACHI, BANGCAP, LUONG, TRUNGTAMLAMVIEC, VITRI) VALUES (N'NVHD006', N'Hoàng Long', '1976-06-13', '08-28690-3', 'Stanfield@example.com', N'104 Trần Hưng Đạo, Phường 12, Quận 1, Thành Phố Hồ Chí Minh', N'Cao Đẳng', 2000009, 'TT001', 0)
INSERT dbo.NHANVIEN(MANHANVIEN, TENNHANVIEN, NGAYSINH, SODIENTHOAI, EMAIL, DIACHI, BANGCAP, LUONG, TRUNGTAMLAMVIEC, VITRI) VALUES (N'NVHD003', N'Khả Hân', '1999-08-03', '66-49493-0', 'Alderman131@example.com', N'64A Lữ Gia, Phường 15, Quận 11, Hồ Chí Minh', N'Đại Học', 2000012, 'TT001', 0)
INSERT dbo.NHANVIEN(MANHANVIEN, TENNHANVIEN, NGAYSINH, SODIENTHOAI, EMAIL, DIACHI, BANGCAP, LUONG, TRUNGTAMLAMVIEC, VITRI) VALUES (N'NVHD005', N'Cát Tường', '2000-02-13', '20-74869-9', 'KingCruz62@example.com', N'227 Nguyễn Văn Cừ, Phường 9, Quận 5, Thành Phố Hồ Chí Minh', N'Cao Đẳng', 2000015, 'TT002', 0)
INSERT dbo.NHANVIEN(MANHANVIEN, TENNHANVIEN, NGAYSINH, SODIENTHOAI, EMAIL, DIACHI, BANGCAP, LUONG, TRUNGTAMLAMVIEC, VITRI) VALUES (N'NVHD002', N'Phúc An', '1999-07-21', '05-76169-3', 'Odom@example.com', N'03 Phan Huy Ích, Phường 14, Gò Vấp, Hồ Chí Minh', N'Cao Đẳng', 2000018, 'TT001', 0)
INSERT dbo.NHANVIEN(MANHANVIEN, TENNHANVIEN, NGAYSINH, SODIENTHOAI, EMAIL, DIACHI, BANGCAP, LUONG, TRUNGTAMLAMVIEC, VITRI) VALUES (N'NVHD007', N'Gia Hân', '1973-06-22', '61-55416-4', 'DamienGrisham8@example.com', N'40 Phạm Văn Chiêu, Phường 9, Gò Vấp, Hồ Chí Minh', N'Đại Học', 2000021, 'TT002', 0)
INSERT dbo.NHANVIEN(MANHANVIEN, TENNHANVIEN, NGAYSINH, SODIENTHOAI, EMAIL, DIACHI, BANGCAP, LUONG, TRUNGTAMLAMVIEC, VITRI) VALUES (N'NVHD004', N'Huyền Anh', '1985-12-05', '26-78956-6', 'LuigiBabin@example.com', N'4 - 6 Ấp Bắc, Q. Tân Bình, Hồ Chí Minh', N'Đại Học', 2000024, 'TT002', 0)
GO

INSERT dbo.NHANVIEN(MANHANVIEN, TENNHANVIEN, NGAYSINH, SODIENTHOAI, EMAIL, DIACHI, BANGCAP, LUONG, TRUNGTAMLAMVIEC, VITRI) VALUES (N'BS001', N'Thanh Mai', '1990-04-01', '87-9713-06', 'Demers@example.com', N'93 Quang Trung, Phường 10, Gò Vấp, Hồ Chí Minh', N'Đại Học', 9165604.81, 'TT003', 2)
INSERT dbo.NHANVIEN(MANHANVIEN, TENNHANVIEN, NGAYSINH, SODIENTHOAI, EMAIL, DIACHI, BANGCAP, LUONG, TRUNGTAMLAMVIEC, VITRI) VALUES (N'BS002', N'Hà Anh', '1990-04-19', '04-2045-52', 'Madelaine.Laird63@example.com', N'87 Đường Trần Não, P. Bình An, Quận 2, Thành phố Hồ Chí Minh', N'Cao Đẳng', 8091484.96, 'TT002', 2)
INSERT dbo.NHANVIEN(MANHANVIEN, TENNHANVIEN, NGAYSINH, SODIENTHOAI, EMAIL, DIACHI, BANGCAP, LUONG, TRUNGTAMLAMVIEC, VITRI) VALUES (N'BS004', N'Tuệ Lâm', '1996-05-26', '62-8342-52', 'Amos_Montano@nowhere.com', N'190 Phan Văn Trị, Phường 11, Bình Thạnh, Thành phố Hồ Chí Minh, Vietnam', N'Đại Học', 7004044.1, 'TT001', 2)
INSERT dbo.NHANVIEN(MANHANVIEN, TENNHANVIEN, NGAYSINH, SODIENTHOAI, EMAIL, DIACHI, BANGCAP, LUONG, TRUNGTAMLAMVIEC, VITRI) VALUES (N'BS005', N'Hoàng Long', '1990-01-06', '50-4661-75', 'Stanfield@example.com', N'64A Lữ Gia, Phường 15, Quận 11, Hồ Chí Minh', N'Cao Đẳng', 6382083.65, 'TT001', 2)
INSERT dbo.NHANVIEN(MANHANVIEN, TENNHANVIEN, NGAYSINH, SODIENTHOAI, EMAIL, DIACHI, BANGCAP, LUONG, TRUNGTAMLAMVIEC, VITRI) VALUES (N'BS006', N'Minh Đức', '1994-04-15', '42-1563-69', 'Alderman131@example.com', N'70 Nguyễn Duy Trinh, Bình Trưng Đông, Quận 2, Thành phố Hồ Chí Minh', N'Đại Học', 9665604.8, 'TT001', 2)
GO

INSERT dbo.NHANVIEN(MANHANVIEN, TENNHANVIEN, NGAYSINH, SODIENTHOAI, EMAIL, DIACHI, BANGCAP, LUONG, TRUNGTAMLAMVIEC, VITRI) VALUES (N'NVYT005', N'Minh Đức', '1990-04-30', '09-3996-36', 'EulaliaAyers4@example.com', N'93 Quang Trung, Phường 10, Gò Vấp, Hồ Chí Minh', N'Đại Học', 5476634.2, 'TT002', 1)
INSERT dbo.NHANVIEN(MANHANVIEN, TENNHANVIEN, NGAYSINH, SODIENTHOAI, EMAIL, DIACHI, BANGCAP, LUONG, TRUNGTAMLAMVIEC, VITRI) VALUES (N'NVYT000', N'Minh Quân', '1990-09-30', '06-7723-95', 'Gooch@example.com', N'195/10 Điện Biên Phủ, Phường 15, Quận Bình Thạnh, Tp.HCM', N'Cao Đẳng', 8432084.63, 'TT001', 1)
INSERT dbo.NHANVIEN(MANHANVIEN, TENNHANVIEN, NGAYSINH, SODIENTHOAI, EMAIL, DIACHI, BANGCAP, LUONG, TRUNGTAMLAMVIEC, VITRI) VALUES (N'NVYT001', N'Minh Tâm', '1992-09-23', '34-4586-92', 'Lyon@example.com', N'111-113-115 Bình Phú, Quận 6, Hồ Chí Minh', N'Đại Học', 8932084.64, 'TT002', 1)
INSERT dbo.NHANVIEN(MANHANVIEN, TENNHANVIEN, NGAYSINH, SODIENTHOAI, EMAIL, DIACHI, BANGCAP, LUONG, TRUNGTAMLAMVIEC, VITRI) VALUES (N'NVYT003', N'Hà Anh', '1999-08-01', '46-2395-87', 'rekan6214@nowhere.com', N'17 Mai Chí Thọ, P. Bình Khánh, Quận 2, Hồ Chí Minh', N'Cao Đẳng', 5976634.21, 'TT003', 1)
INSERT dbo.NHANVIEN(MANHANVIEN, TENNHANVIEN, NGAYSINH, SODIENTHOAI, EMAIL, DIACHI, BANGCAP, LUONG, TRUNGTAMLAMVIEC, VITRI) VALUES (N'NVYT006', N'Tuệ Lâm', '1994-07-15', '13-4938-61', 'Hwang566@example.com', N'4B1 Đường Ngô Tất Tố, Phường 19, Bình Thạnh, Thành phố Hồ Chí Minh', N'Đại Học', 5476634.21, 'TT002', 1)
INSERT dbo.NHANVIEN(MANHANVIEN, TENNHANVIEN, NGAYSINH, SODIENTHOAI, EMAIL, DIACHI, BANGCAP, LUONG, TRUNGTAMLAMVIEC, VITRI) VALUES (N'NVYT008', N'Thanh Vân', '1992-07-25', '81-6262-28', 'wnnpfqng.udbu@example.com', N'03 Phan Huy Ích, Phường 14, Gò Vấp, Hồ Chí Minh', N'Cao Đẳng', 6311951.73, 'TT003', 1)
INSERT dbo.NHANVIEN(MANHANVIEN, TENNHANVIEN, NGAYSINH, SODIENTHOAI, EMAIL, DIACHI, BANGCAP, LUONG, TRUNGTAMLAMVIEC, VITRI) VALUES (N'NVYT007', N'Phúc An', '1991-05-02', '75-6881-72', 'SebrinaM_Reichert434@example.com', N'64A Lữ Gia, Phường 15, Quận 11, Hồ Chí Minh', N'Cao Đẳng', 8432084.64, 'TT001', 1)
INSERT dbo.NHANVIEN(MANHANVIEN, TENNHANVIEN, NGAYSINH, SODIENTHOAI, EMAIL, DIACHI, BANGCAP, LUONG, TRUNGTAMLAMVIEC, VITRI) VALUES (N'NVYT002', N'Nguyệt Ánh', '1991-10-01', '91-0389-89', 'Marshall37@nowhere.com', N'270 Bùi Hữu Nghĩa, Phường 2, Q. Bình Thạnh, Thành phố Hồ Chí Minh', N'Đại Học', 7233159.55, 'TT001', 1)
INSERT dbo.NHANVIEN(MANHANVIEN, TENNHANVIEN, NGAYSINH, SODIENTHOAI, EMAIL, DIACHI, BANGCAP, LUONG, TRUNGTAMLAMVIEC, VITRI) VALUES (N'NVYT004', N'Hoàng Long', '1992-02-06', '38-8903-02', 'GarmonZ1@example.com', N'227 Nguyễn Văn Cừ, Phường 9, Quận 5, Thành Phố Hồ Chí Minh', N'Cao Đẳng', 7733159.56, 'TT003', 1)
GO

INSERT dbo.NHANVIEN(MANHANVIEN, TENNHANVIEN, NGAYSINH, SODIENTHOAI, EMAIL, DIACHI, BANGCAP, LUONG, TRUNGTAMLAMVIEC, VITRI) VALUES (N'NVKT005', N'Tuệ Lâm', '1992-10-26', '49-2116-60', 'Keenan126@example.com', N'4 - 6 Ấp Bắc, Q. Tân Bình, Hồ Chí Minh', N'Đại Học', 7856548.72, 'TT003', 3)
INSERT dbo.NHANVIEN(MANHANVIEN, TENNHANVIEN, NGAYSINH, SODIENTHOAI, EMAIL, DIACHI, BANGCAP, LUONG, TRUNGTAMLAMVIEC, VITRI) VALUES (N'NVKT001', N'Ngọc Quỳnh', '1990-03-30', '98-4813-20', 'Barry_QChilders@nowhere.com', N'4B1 Đường Ngô Tất Tố, Phường 19, Bình Thạnh, Thành phố Hồ Chí Minh', N'Cao Đẳng', 5504448.85, 'TT002', 3)
INSERT dbo.NHANVIEN(MANHANVIEN, TENNHANVIEN, NGAYSINH, SODIENTHOAI, EMAIL, DIACHI, BANGCAP, LUONG, TRUNGTAMLAMVIEC, VITRI) VALUES (N'NVKT002', N'Tú Linh', '1994-03-05', '69-9046-39', 'MarcMaas31@example.com', N'03 Phan Huy Ích, Phường 14, Gò Vấp, Hồ Chí Minh', N'Đại Học', 6849956.35, 'TT001', 3)
INSERT dbo.NHANVIEN(MANHANVIEN, TENNHANVIEN, NGAYSINH, SODIENTHOAI, EMAIL, DIACHI, BANGCAP, LUONG, TRUNGTAMLAMVIEC, VITRI) VALUES (N'NVKT006', N'Cát Tường', '1990-02-23', '35-9003-69', 'AurelioNelson563@example.com', N'87 Đường Trần Não, P. Bình An, Quận 2, Thành phố Hồ Chí Minh', N'Cao Đẳng', 6349956.35, 'TT001', 3)
INSERT dbo.NHANVIEN(MANHANVIEN, TENNHANVIEN, NGAYSINH, SODIENTHOAI, EMAIL, DIACHI, BANGCAP, LUONG, TRUNGTAMLAMVIEC, VITRI) VALUES (N'NVKT004', N'Minh Đức', '1995-02-27', '10-5033-51', 'MarkLittlefield@example.com', N'195/10 Điện Biên Phủ, Phường 15, Quận Bình Thạnh, Tp.HCM', N'Đại Học', 6849956.36, 'TT001', 3)
INSERT dbo.NHANVIEN(MANHANVIEN, TENNHANVIEN, NGAYSINH, SODIENTHOAI, EMAIL, DIACHI, BANGCAP, LUONG, TRUNGTAMLAMVIEC, VITRI) VALUES (N'NVKT003', N'Thanh Tùng', '2000-03-06', '34-7996-83', 'Abraham@example.com', N'111-113-115 Bình Phú, Quận 6, Hồ Chí Minh', N'Cao Đẳng', 7356548.72, 'TT002', 3)
GO

INSERT dbo.KHACHHANG(MAKHACHHANG, TENKHACHHANG, GIOITINH, NGAYSINH, SODIENTHOAI, DIACHI, TENNGUOIGIAMHO, MOIQUANHENGH) VALUES (N'KH001', N'Tú Anh', N'NAM', '1974-08-02', '414-078-28', N'35 Lê Lợi, Phường 12, Quận 10, Thành phố Hồ Chí Minh', NULL, NULL)
INSERT dbo.KHACHHANG(MAKHACHHANG, TENKHACHHANG, GIOITINH, NGAYSINH, SODIENTHOAI, DIACHI, TENNGUOIGIAMHO, MOIQUANHENGH) VALUES (N'KH007', N'Bảo Vy', N'NỮ', '1974-04-23', '868-930-72', N'190 Phan Văn Trị, Phường 11, Bình Thạnh, Thành phố Hồ Chí Minh, Vietnam', N'Tuệ Lâm', N'Anh')
INSERT dbo.KHACHHANG(MAKHACHHANG, TENKHACHHANG, GIOITINH, NGAYSINH, SODIENTHOAI, DIACHI, TENNGUOIGIAMHO, MOIQUANHENGH) VALUES (N'KH008', N'Tú Linh', N'NAM', '2012-02-29', '322-839-30', N'17 Mai Chí Thọ, P. Bình Khánh, Quận 2, Hồ Chí Minh', N'Cát Tường', N'Cha')
INSERT dbo.KHACHHANG(MAKHACHHANG, TENKHACHHANG, GIOITINH, NGAYSINH, SODIENTHOAI, DIACHI, TENNGUOIGIAMHO, MOIQUANHENGH) VALUES (N'KH009', N'Minh Đức', N'NAM', '2001-03-18', '757-024-70', N'104 Trần Hưng Đạo, Phường 12, Quận 1, Thành Phố Hồ Chí Minh', N'Minh Đức', N'Chị')
INSERT dbo.KHACHHANG(MAKHACHHANG, TENKHACHHANG, GIOITINH, NGAYSINH, SODIENTHOAI, DIACHI, TENNGUOIGIAMHO, MOIQUANHENGH) VALUES (N'KH002', N'Tuệ Lâm', N'NAM', '1987-03-14', '112-913-18', N'270 Bùi Hữu Nghĩa, Phường 2, Q. Bình Thạnh, Thành phố Hồ Chí Minh', N'Minh Tâm', N'Mẹ')
INSERT dbo.KHACHHANG(MAKHACHHANG, TENKHACHHANG, GIOITINH, NGAYSINH, SODIENTHOAI, DIACHI, TENNGUOIGIAMHO, MOIQUANHENGH) VALUES (N'KH003', N'Cát Tường', N'NAM', '2006-03-21', '199-943-96', N'157 Nguyễn Gia Trí, Phường 25, Bình Thạnh, Thành phố Hồ Chí Minh, Vietnam', N'Hà Anh', N'Bà')
INSERT dbo.KHACHHANG(MAKHACHHANG, TENKHACHHANG, GIOITINH, NGAYSINH, SODIENTHOAI, DIACHI, TENNGUOIGIAMHO, MOIQUANHENGH) VALUES (N'KH005', N'Ngọc Quỳnh', N'NAM', '1992-10-07', '587-856-04', N'184 Nguyễn Xí, Phường 26, Bình Thạnh, Thành phố Hồ Chí Minh', N'Phúc An', N'Ông')
INSERT dbo.KHACHHANG(MAKHACHHANG, TENKHACHHANG, GIOITINH, NGAYSINH, SODIENTHOAI, DIACHI, TENNGUOIGIAMHO, MOIQUANHENGH) VALUES (N'KH006', N'Minh Khôi', N'NỮ', '1975-05-31', '238-679-99', N'93 Quang Trung, Phường 10, Gò Vấp, Hồ Chí Minh', N'Hoàng Long', N'Chị')
INSERT dbo.KHACHHANG(MAKHACHHANG, TENKHACHHANG, GIOITINH, NGAYSINH, SODIENTHOAI, DIACHI, TENNGUOIGIAMHO, MOIQUANHENGH) VALUES (N'KH004', N'Minh Quân', N'NAM', '1970-01-08', '664-099-28', N'355A Lê Quang Định, Phường 5, Bình Thạnh, Thành phố Hồ Chí Minh', N'Nguyệt Ánh', N'Ông')
GO

INSERT HOADON(MAHOADON,MAKHACHHANG,MATRUNGTAM,NGAYTHANHTOAN,SOTIEN,NHANVIENLAPHOADON,HINHTHUCTHANHTOAN,NOIDUNG) VALUES ('HD001', 'KH001', 'TT001', '09-07-2011', 150000, 'NVKT001', N'Thanh toán bằng thẻ', NULL)
GO